{
  "device": "cpu",
  "model": "yolov5n",
  "num_inferences": 100,
  "latency": {
    "count": 100,
    "mean": 64.10039647000133,
    "median": 62.44651400001544,
    "stdev": 20.303380015978536,
    "min": 40.899690000003375,
    "max": 258.09820300000297,
    "p95": 70.38276155001881,
    "p99": 258.09820300000297
  },
  "memory": {
    "count": 100,
    "mean": 0.4578515625,
    "median": 0.0,
    "stdev": 8.389840493110094,
    "min": -15.46484375,
    "max": 46.95703125,
    "p95": 15.46484375,
    "p99": 46.95703125
  },
  "throughput": {
    "total_inferences": 170,
    "duration_seconds": 10.04412899799999,
    "throughput_fps": 16.925310301555346
  },
  "model_size_mb": 7.5
}